Firm Name,Search Link
Allens,https://www.google.com/search?q=site%3Alinkedin.com+%22Graduate+Lawyer%22+%22Allens+%22+%22University+of%22
King & Wood Mallesons,https://www.google.com/search?q=site%3Alinkedin.com+%22Graduate+Lawyer%22+%22King+&+Wood+Mallesons+%22+%22University+of%22
Herbert Smith Freehills,https://www.google.com/search?q=site%3Alinkedin.com+%22Graduate+Lawyer%22+%22Herbert+Smith+Freehills+%22+%22University+of%22
Clayton Utz,https://www.google.com/search?q=site%3Alinkedin.com+%22Graduate+Lawyer%22+%22Clayton+Utz+%22+%22University+of%22
Ashurst,https://www.google.com/search?q=site%3Alinkedin.com+%22Graduate+Lawyer%22+%22Ashurst+%22+%22University+of%22
MinterEllison,https://www.google.com/search?q=site%3Alinkedin.com+%22Graduate+Lawyer%22+%22MinterEllison+%22+%22University+of%22
Corrs Chambers Westgarth,https://www.google.com/search?q=site%3Alinkedin.com+%22Graduate+Lawyer%22+%22Corrs+Chambers+Westgarth+%22+%22University+of%22
Gilbert + Tobin,https://www.google.com/search?q=site%3Alinkedin.com+%22Graduate+Lawyer%22+%22Gilbert+++Tobin+%22+%22University+of%22
HWL Ebsworth,https://www.google.com/search?q=site%3Alinkedin.com+%22Graduate+Lawyer%22+%22HWL+Ebsworth+%22+%22University+of%22
Arnold Bloch Leibler,https://www.google.com/search?q=site%3Alinkedin.com+%22Graduate+Lawyer%22+%22Arnold+Bloch+Leibler+%22+%22University+of%22
Lander & Rogers,https://www.google.com/search?q=site%3Alinkedin.com+%22Graduate+Lawyer%22+%22Lander+&+Rogers+%22+%22University+of%22
Gadens,https://www.google.com/search?q=site%3Alinkedin.com+%22Graduate+Lawyer%22+%22Gadens+%22+%22University+of%22
DLA Piper,https://www.google.com/search?q=site%3Alinkedin.com+%22Graduate+Lawyer%22+%22DLA+Piper+%22+%22University+of%22
Thomson Geer,https://www.google.com/search?q=site%3Alinkedin.com+%22Graduate+Lawyer%22+%22Thomson+Geer+%22+%22University+of%22
Colin Biggers & Paisley,https://www.google.com/search?q=site%3Alinkedin.com+%22Graduate+Lawyer%22+%22Colin+Biggers+&+Paisley+%22+%22University+of%22
Maddocks,https://www.google.com/search?q=site%3Alinkedin.com+%22Graduate+Lawyer%22+%22Maddocks+%22+%22University+of%22
Hall & Wilcox,https://www.google.com/search?q=site%3Alinkedin.com+%22Graduate+Lawyer%22+%22Hall+&+Wilcox+%22+%22University+of%22
Norton Rose Fulbright,https://www.google.com/search?q=site%3Alinkedin.com+%22Graduate+Lawyer%22+%22Norton+Rose+Fulbright+%22+%22University+of%22
Sparke Helmore,https://www.google.com/search?q=site%3Alinkedin.com+%22Graduate+Lawyer%22+%22Sparke+Helmore+%22+%22University+of%22
McCabes Lawyers,https://www.google.com/search?q=site%3Alinkedin.com+%22Graduate+Lawyer%22+%22McCabes+Lawyers+%22+%22University+of%22
